eigenschaft,befund,qid,label,ziel_qid,ziel_label,kennzahl,quickstatements,begruendung,entscheidung
P279,redundant,Q864487,biologisch abbaubarer Werkstoff,Q57305881,biologisch abbaubares Material,3,-Q864487	P279	Q57305881,Q864487 hat P279 auf Q57305881 (biologisch abbaubares Material) UND auf Q11474 (Kunststoff); ueber Q11474 ist Q57305881 ohnehin erreichbar: Q864487 (biologisch abbaubarer Werkstoff) -> Q11474 (Kunststoff) -> Q1783121 (organische Masse) -> Q57305881 (biologisch abbaubares Material),Entfernen aendert nichts an der abgeleiteten Klassenzugehoerigkeit - nur die doppelte Notation faellt weg.
P279,redundant,Q9154749,Anilana,Q5856,Chemiefaser,2,-Q9154749	P279	Q5856,Q9154749 hat P279 auf Q5856 (Chemiefaser) UND auf Q2259977 (Acrylfaser); ueber Q2259977 ist Q5856 ohnehin erreichbar: Q9154749 (Anilana) -> Q2259977 (Acrylfaser) -> Q5856 (Chemiefaser),Entfernen aendert nichts an der abgeleiteten Klassenzugehoerigkeit - nur die doppelte Notation faellt weg.
P279,redundant,Q4139912,Q4139912,Q79529,chemischer Stoff,4,-Q4139912	P279	Q79529,Q4139912 hat P279 auf Q79529 (chemischer Stoff) UND auf Q139699 (Alkydharze); ueber Q139699 ist Q79529 ohnehin erreichbar: Q4139912 (Q4139912) -> Q139699 (Alkydharze) -> Q1418040 (Kunstharz) -> Q169336 (Gemisch) -> Q79529 (chemischer Stoff),Entfernen aendert nichts an der abgeleiteten Klassenzugehoerigkeit - nur die doppelte Notation faellt weg.
P279,redundant,Q65718489,microfilm roll,Q193395,Datenträger,2,-Q65718489	P279	Q193395,Q65718489 hat P279 auf Q193395 (Datenträger) UND auf Q830450 (Mikroform); ueber Q830450 ist Q193395 ohnehin erreichbar: Q65718489 (microfilm roll) -> Q830450 (Mikroform) -> Q193395 (Datenträger),Entfernen aendert nichts an der abgeleiteten Klassenzugehoerigkeit - nur die doppelte Notation faellt weg.
P279,redundant,Q7783228,thermoplastisches Polyurethan,Q252266,Elastomer,3,-Q7783228	P279	Q252266,Q7783228 hat P279 auf Q252266 (Elastomer) UND auf Q146527 (Thermoplastische Elastomere); ueber Q146527 ist Q252266 ohnehin erreichbar: Q7783228 (thermoplastisches Polyurethan) -> Q146527 (Thermoplastische Elastomere) -> Q18113858 (Kautschuk) -> Q252266 (Elastomer),Entfernen aendert nichts an der abgeleiteten Klassenzugehoerigkeit - nur die doppelte Notation faellt weg.
P279,redundant,Q2713357,Super 16,Q6293,fotografischer Film,2,-Q2713357	P279	Q6293,Q2713357 hat P279 auf Q6293 (fotografischer Film) UND auf Q194383 (16-mm-Film); ueber Q194383 ist Q6293 ohnehin erreichbar: Q2713357 (Super 16) -> Q194383 (16-mm-Film) -> Q6293 (fotografischer Film),Entfernen aendert nichts an der abgeleiteten Klassenzugehoerigkeit - nur die doppelte Notation faellt weg.
P279,redundant,Q146559,Polyesterharz,Q131790,Klebstoff,3,-Q146559	P279	Q131790,Q146559 hat P279 auf Q131790 (Klebstoff) UND auf Q1418040 (Kunstharz); ueber Q1418040 ist Q131790 ohnehin erreichbar: Q146559 (Polyesterharz) -> Q1418040 (Kunstharz) -> Q145205 (Harz) -> Q131790 (Klebstoff),Entfernen aendert nichts an der abgeleiteten Klassenzugehoerigkeit - nur die doppelte Notation faellt weg.
P279,redundant,Q20180653,Melaminharz,Q1418040,Kunstharz,2,-Q20180653	P279	Q1418040,Q20180653 hat P279 auf Q1418040 (Kunstharz) UND auf Q6665766 (Aminoplaste); ueber Q6665766 ist Q1418040 ohnehin erreichbar: Q20180653 (Melaminharz) -> Q6665766 (Aminoplaste) -> Q1418040 (Kunstharz),Entfernen aendert nichts an der abgeleiteten Klassenzugehoerigkeit - nur die doppelte Notation faellt weg.
P279,redundant,Q54085254,RTV silicone,Q1418040,Kunstharz,2,-Q54085254	P279	Q1418040,Q54085254 hat P279 auf Q1418040 (Kunstharz) UND auf Q7515049 (Silicone resin); ueber Q7515049 ist Q1418040 ohnehin erreichbar: Q54085254 (RTV silicone) -> Q7515049 (Silicone resin) -> Q1418040 (Kunstharz),Entfernen aendert nichts an der abgeleiteten Klassenzugehoerigkeit - nur die doppelte Notation faellt weg.
P279,redundant,Q145897,Phenoplast,Q11474,Kunststoff,2,-Q145897	P279	Q11474,Q145897 hat P279 auf Q11474 (Kunststoff) UND auf Q1418040 (Kunstharz); ueber Q1418040 ist Q11474 ohnehin erreichbar: Q145897 (Phenoplast) -> Q1418040 (Kunstharz) -> Q11474 (Kunststoff),Entfernen aendert nichts an der abgeleiteten Klassenzugehoerigkeit - nur die doppelte Notation faellt weg.
P279,redundant,Q3362098,Schaumplastik,Q11474,Kunststoff,2,-Q3362098	P279	Q11474,Q3362098 hat P279 auf Q11474 (Kunststoff) UND auf Q905213 (Faom Rubber); ueber Q905213 ist Q11474 ohnehin erreichbar: Q3362098 (Schaumplastik) -> Q905213 (Faom Rubber) -> Q11474 (Kunststoff),Entfernen aendert nichts an der abgeleiteten Klassenzugehoerigkeit - nur die doppelte Notation faellt weg.
P279,redundant,Q7783228,thermoplastisches Polyurethan,Q11474,Kunststoff,2,-Q7783228	P279	Q11474,Q7783228 hat P279 auf Q11474 (Kunststoff) UND auf Q146322 (Polyurethan); ueber Q146322 ist Q11474 ohnehin erreichbar: Q7783228 (thermoplastisches Polyurethan) -> Q146322 (Polyurethan) -> Q11474 (Kunststoff),Entfernen aendert nichts an der abgeleiteten Klassenzugehoerigkeit - nur die doppelte Notation faellt weg.
P279,redundant,Q11474,Kunststoff,Q214609,Material,3,-Q11474	P279	Q214609,Q11474 hat P279 auf Q214609 (Material) UND auf Q1783121 (organische Masse); ueber Q1783121 ist Q214609 ohnehin erreichbar: Q11474 (Kunststoff) -> Q1783121 (organische Masse) -> Q57305881 (biologisch abbaubares Material) -> Q214609 (Material),Entfernen aendert nichts an der abgeleiteten Klassenzugehoerigkeit - nur die doppelte Notation faellt weg.
P279,redundant,Q65718489,microfilm roll,Q830450,Mikroform,2,-Q65718489	P279	Q830450,Q65718489 hat P279 auf Q830450 (Mikroform) UND auf Q12498524 (Mikrofilm); ueber Q12498524 ist Q830450 ohnehin erreichbar: Q65718489 (microfilm roll) -> Q12498524 (Mikrofilm) -> Q830450 (Mikroform),Entfernen aendert nichts an der abgeleiteten Klassenzugehoerigkeit - nur die doppelte Notation faellt weg.
P279,redundant,Q55844718,polyamid 66 - 30% glass fiber reinforced,Q177941,Nylon,2,-Q55844718	P279	Q177941,Q55844718 hat P279 auf Q177941 (Nylon) UND auf Q7071155 (Polyamid 6.6); ueber Q7071155 ist Q177941 ohnehin erreichbar: Q55844718 (polyamid 66 - 30% glass fiber reinforced) -> Q7071155 (Polyamid 6.6) -> Q177941 (Nylon),Entfernen aendert nichts an der abgeleiteten Klassenzugehoerigkeit - nur die doppelte Notation faellt weg.
P279,redundant,Q116501973,poly(cyanoacrylate ester),Q99600509,organisches Polymer,2,-Q116501973	P279	Q99600509,Q116501973 hat P279 auf Q99600509 (organisches Polymer) UND auf Q423145 (Polyacrylate); ueber Q423145 ist Q99600509 ohnehin erreichbar: Q116501973 (poly(cyanoacrylate ester)) -> Q423145 (Polyacrylate) -> Q99600509 (organisches Polymer),Entfernen aendert nichts an der abgeleiteten Klassenzugehoerigkeit - nur die doppelte Notation faellt weg.
P279,redundant,Q145897,Phenoplast,Q81163,Polymer,2,-Q145897	P279	Q81163,Q145897 hat P279 auf Q81163 (Polymer) UND auf Q421281 (Copolymer); ueber Q421281 ist Q81163 ohnehin erreichbar: Q145897 (Phenoplast) -> Q421281 (Copolymer) -> Q81163 (Polymer),Entfernen aendert nichts an der abgeleiteten Klassenzugehoerigkeit - nur die doppelte Notation faellt weg.
P279,redundant,Q55844718,polyamid 66 - 30% glass fiber reinforced,Q81163,Polymer,3,-Q55844718	P279	Q81163,Q55844718 hat P279 auf Q81163 (Polymer) UND auf Q177941 (Nylon); ueber Q177941 ist Q81163 ohnehin erreichbar: Q55844718 (polyamid 66 - 30% glass fiber reinforced) -> Q177941 (Nylon) -> Q145273 (Polyamide) -> Q81163 (Polymer),Entfernen aendert nichts an der abgeleiteten Klassenzugehoerigkeit - nur die doppelte Notation faellt weg.
P279,redundant,Q62246,Polycarbonat,Q81163,Polymer,2,-Q62246	P279	Q81163,Q62246 hat P279 auf Q81163 (Polymer) UND auf Q188245 (Polyester); ueber Q188245 ist Q81163 ohnehin erreichbar: Q62246 (Polycarbonat) -> Q188245 (Polyester) -> Q81163 (Polymer),Entfernen aendert nichts an der abgeleiteten Klassenzugehoerigkeit - nur die doppelte Notation faellt weg.
P279,redundant,Q30765158,Styrol-Butadien-Styrol,Q81163,Polymer,2,-Q30765158	P279	Q81163,Q30765158 hat P279 auf Q81163 (Polymer) UND auf Q146527 (Thermoplastische Elastomere); ueber Q146527 ist Q81163 ohnehin erreichbar: Q30765158 (Styrol-Butadien-Styrol) -> Q146527 (Thermoplastische Elastomere) -> Q81163 (Polymer),Entfernen aendert nichts an der abgeleiteten Klassenzugehoerigkeit - nur die doppelte Notation faellt weg.
P279,redundant,Q146527,Thermoplastische Elastomere,Q81163,Polymer,2,-Q146527	P279	Q81163,Q146527 hat P279 auf Q81163 (Polymer) UND auf Q18113858 (Kautschuk); ueber Q18113858 ist Q81163 ohnehin erreichbar: Q146527 (Thermoplastische Elastomere) -> Q18113858 (Kautschuk) -> Q81163 (Polymer),Entfernen aendert nichts an der abgeleiteten Klassenzugehoerigkeit - nur die doppelte Notation faellt weg.
P279,redundant,Q65718489,microfilm roll,Q1745370,Rohfilm,2,-Q65718489	P279	Q1745370,Q65718489 hat P279 auf Q1745370 (Rohfilm) UND auf Q12498524 (Mikrofilm); ueber Q12498524 ist Q1745370 ohnehin erreichbar: Q65718489 (microfilm roll) -> Q12498524 (Mikrofilm) -> Q1745370 (Rohfilm),Entfernen aendert nichts an der abgeleiteten Klassenzugehoerigkeit - nur die doppelte Notation faellt weg.
P279,redundant,Q388680,Montageschaum,Q215414,Schaum,2,-Q388680	P279	Q215414,Q388680 hat P279 auf Q215414 (Schaum) UND auf Q3362098 (Schaumplastik); ueber Q3362098 ist Q215414 ohnehin erreichbar: Q388680 (Montageschaum) -> Q3362098 (Schaumplastik) -> Q215414 (Schaum),Entfernen aendert nichts an der abgeleiteten Klassenzugehoerigkeit - nur die doppelte Notation faellt weg.
P279,redundant,Q77003966,expandierter Polystyrol,Q3362098,Schaumplastik,2,-Q77003966	P279	Q3362098,Q77003966 hat P279 auf Q3362098 (Schaumplastik) UND auf Q17232682 (foamed polystyrene); ueber Q17232682 ist Q3362098 ohnehin erreichbar: Q77003966 (expandierter Polystyrol) -> Q17232682 (foamed polystyrene) -> Q3362098 (Schaumplastik),Entfernen aendert nichts an der abgeleiteten Klassenzugehoerigkeit - nur die doppelte Notation faellt weg.
P279,redundant,Q54085254,RTV silicone,Q146439,Silikone,2,-Q54085254	P279	Q146439,Q54085254 hat P279 auf Q146439 (Silikone) UND auf Q7515049 (Silicone resin); ueber Q7515049 ist Q146439 ohnehin erreichbar: Q54085254 (RTV silicone) -> Q7515049 (Silicone resin) -> Q146439 (Silikone),Entfernen aendert nichts an der abgeleiteten Klassenzugehoerigkeit - nur die doppelte Notation faellt weg.
P279,redundant,Q3446275,Paraloid B-72,Q380677,Thermoplast,2,-Q3446275	P279	Q380677,Q3446275 hat P279 auf Q380677 (Thermoplast) UND auf Q342945 (Acrylharz); ueber Q342945 ist Q380677 ohnehin erreichbar: Q3446275 (Paraloid B-72) -> Q342945 (Acrylharz) -> Q380677 (Thermoplast),Entfernen aendert nichts an der abgeleiteten Klassenzugehoerigkeit - nur die doppelte Notation faellt weg.
P279,redundant,Q110254858,poly(bisphenol A carbonate),Q380677,Thermoplast,2,-Q110254858	P279	Q380677,Q110254858 hat P279 auf Q380677 (Thermoplast) UND auf Q62246 (Polycarbonat); ueber Q62246 ist Q380677 ohnehin erreichbar: Q110254858 (poly(bisphenol A carbonate)) -> Q62246 (Polycarbonat) -> Q380677 (Thermoplast),Entfernen aendert nichts an der abgeleiteten Klassenzugehoerigkeit - nur die doppelte Notation faellt weg.
P279,redundant,Q146612,Zelluloid,Q380677,Thermoplast,2,-Q146612	P279	Q380677,Q146612 hat P279 auf Q380677 (Thermoplast) UND auf Q29526929 (Zellulose); ueber Q29526929 ist Q380677 ohnehin erreichbar: Q146612 (Zelluloid) -> Q29526929 (Zellulose) -> Q380677 (Thermoplast),Entfernen aendert nichts an der abgeleiteten Klassenzugehoerigkeit - nur die doppelte Notation faellt weg.
P279,verkehrt,Q6293,fotografischer Film,Q1736298,Kunststofffolie,60:6,-Q6293	P279	Q1736298,"Unter Q6293 (fotografischer Film) haengen 60 Klassen, unter Q1736298 (Kunststofffolie) ohne diesen Zweig nur 6. Die weitere Klasse haengt unter der engeren.","Verdacht auf verkehrte Kante. Ob sie zu entfernen oder umzudrehen ist, ist eine fachliche Entscheidung."
P31 -> P279,instanz-als-klasse,Q429659,Schellack,Q1570182,Beschichtung,1,-Q429659	P31	Q1570182 | Q429659	P279	Q1570182,"Q429659 ist P31 von Q1570182 (Beschichtung), hat aber selbst 1 Unterklassen - wer Unterklassen hat, ist eine Klasse.","P31 -> P279 umstellen, wenn das Item wirklich nur Klasse ist. Beides zugleich ist moeglich und dann kein Fehler."
P31 -> P279,instanz-als-klasse,Q429659,Schellack,Q3300034,Malwerkzeug,1,-Q429659	P31	Q3300034 | Q429659	P279	Q3300034,"Q429659 ist P31 von Q3300034 (Malwerkzeug), hat aber selbst 1 Unterklassen - wer Unterklassen hat, ist eine Klasse.","P31 -> P279 umstellen, wenn das Item wirklich nur Klasse ist. Beides zugleich ist moeglich und dann kein Fehler."
P31 -> P279,instanz-als-klasse,Q441961,PET-Folie,Q214609,Material,1,-Q441961	P31	Q214609 | Q441961	P279	Q214609,"Q441961 ist P31 von Q214609 (Material), hat aber selbst 1 Unterklassen - wer Unterklassen hat, ist eine Klasse.","P31 -> P279 umstellen, wenn das Item wirklich nur Klasse ist. Beides zugleich ist moeglich und dann kein Fehler."
P31 -> P279,instanz-als-klasse,Q143429,Polyethylen,Q1812439,Vinylpolymer,6,-Q143429	P31	Q1812439 | Q143429	P279	Q1812439,"Q143429 ist P31 von Q1812439 (Vinylpolymer), hat aber selbst 6 Unterklassen - wer Unterklassen hat, ist eine Klasse.","P31 -> P279 umstellen, wenn das Item wirklich nur Klasse ist. Beides zugleich ist moeglich und dann kein Fehler."
,kennzahl,,Items gesamt,,,206,,,
,kennzahl,,Klassen im geholten Graphen,,,563,,,
,kennzahl,,"kuerzester Abstand zu material, Median",,,3,,,
,kennzahl,,mit beidem,,,93,,,
,kennzahl,,mit keinem von beiden,,,0,,,
,kennzahl,,mit mehreren Oberklassen,,,80,,,
,kennzahl,,mit P279 (Unterklasse von),,,206,,,
,kennzahl,,mit P31 (ist ein/e),,,93,,,
,kennzahl,,mit Pfad zu Legierung (Q37756),,,0,,,
,kennzahl,,mit Pfad zu material (Q214609),,,206,,,
,kennzahl,,P279-Kanten im geholten Graphen,,,899,,,
,kennzahl,,selbst Oberklasse (hat Unterklassen),,,49,,,
