status,source,qid,label,property,value,value_label,datatype,unit_qid,formula,bestimmungsmethode,kandidaten,entry_id,ref_mode,ref_doi,ref_isbn,ref_url,ref_retrieved,ref_note
VORSCHLAG,Wikipedia (de),Q109674,Polycaprolacton,P2054 (Dichte),1.21,,quantity,Q13147228,,P2076=20U25267 (20 °C); P515=Q11438 (fest),,,DOI,10.1016/j.polymer.2005.03.116,,https://doi.org/10.1016/j.polymer.2005.03.116,,"Infobox-Feld 'Dichte', Beleg aus Wikipedia (de): https://de.wikipedia.org/w/index.php?title=Polycaprolacton&oldid=270029021"
VORSCHLAG,Wikipedia (de),Q109674,Polycaprolacton,P2101 (Schmelzpunkt),331.15,,quantity,Q11579,,,,,Wikimedia-Import,,,https://de.wikipedia.org/w/index.php?title=Polycaprolacton&oldid=270029021,2026-08-30,Infobox-Feld 'Schmelzpunkt' (in Kelvin)
BEREITS_VORHANDEN,Wikipedia (en),Q109674,Polycaprolacton,P231 (CAS-Nummer),24980-41-4,,external-id,,,,,,ohne Beleg (Identifikator),,,,,Chembox-Feld 'CASNo'
BEREITS_VORHANDEN,Wikipedia (de),Q143252,Polytetrafluorethylen,P2054 (Dichte),2.2,,quantity,Q13147228,,P2076=20U25267 (20 °C); P515=Q11438 (fest),,,Wikimedia-Import,,,https://de.wikipedia.org/w/index.php?title=Polytetrafluorethylen&oldid=268091473,2026-08-30,Infobox-Feld 'Dichte'
VORSCHLAG,Wikipedia (de),Q143252,Polytetrafluorethylen,P5593 (Poissonzahl),0.46,,quantity,,,,,,Wikimedia-Import,,,https://de.wikipedia.org/w/index.php?title=Polytetrafluorethylen&oldid=268091473,2026-08-30,Infobox-Feld 'Poissonzahl'
BEREITS_VORHANDEN,Wikipedia (de),Q143252,Polytetrafluorethylen,P231 (CAS-Nummer),9002-84-0,,external-id,,,,,,ohne Beleg (Identifikator),,,,,Infobox-Feld 'CAS'
VORSCHLAG,Wikipedia (de),Q143252,Polytetrafluorethylen,P2101 (Schmelzpunkt),600.15,,quantity,Q11579,,,,,Wikimedia-Import,,,https://de.wikipedia.org/w/index.php?title=Polytetrafluorethylen&oldid=268091473,2026-08-30,Infobox-Feld 'Schmelzpunkt' (in Kelvin)
BEREITS_VORHANDEN,Wikipedia (de),Q143429,Polyethylen,P231 (CAS-Nummer),9002-88-4,,external-id,,,,,,ohne Beleg (Identifikator),,,,,Infobox-Feld 'CAS'
VORSCHLAG,COD,Q143629,Acrylnitril-Styrol-Acrylat-Copolymer,P9824 (COD-ID),7130607,,external-id,,C18 H23 N O2,,,cod-7130607,ohne Beleg (Identifikator),,,,,"COD 7130607; Chemical Communications, 2022, T = 293 K"
MANUELLE_KLAERUNG_NOETIG (keine eindeutige Modifikation: Raumgruppe 19 nur in 7 von 20 COD-Eintraegen),COD,Q143629,Acrylnitril-Styrol-Acrylat-Copolymer,P690 (Raumgruppe),Q13371295,Raumgruppe 19,item,,C18 H23 N O2,,,cod-7130607,DOI,10.1039/D2CC03984B,,https://doi.org/10.1039/D2CC03984B,,"COD 7130607; Chemical Communications, 2022, T = 293 K"
MANUELLE_KLAERUNG_NOETIG (keine eindeutige Modifikation: Raumgruppe 19 nur in 7 von 20 COD-Eintraegen),COD,Q143629,Acrylnitril-Styrol-Acrylat-Copolymer,P589 (Punktgruppe),Q13364032,Orthorhombisch-disphenoidisch,item,,C18 H23 N O2,,,cod-7130607,DOI,10.1039/D2CC03984B,,https://doi.org/10.1039/D2CC03984B,,"COD 7130607; Chemical Communications, 2022, T = 293 K"
MANUELLE_KLAERUNG_NOETIG (keine eindeutige Modifikation: Raumgruppe 19 nur in 7 von 20 COD-Eintraegen),COD,Q143629,Acrylnitril-Styrol-Acrylat-Copolymer,P556 (Kristallsystem),Q648961,orthorhombisches Kristallsystem,item,,C18 H23 N O2,,,cod-7130607,DOI,10.1039/D2CC03984B,,https://doi.org/10.1039/D2CC03984B,,"COD 7130607; Chemical Communications, 2022, T = 293 K"
VORSCHLAG,Wikipedia (en),Q145387,Polyetheretherketon,P2101 (Schmelzpunkt),616.15,,quantity,Q11579,,,,,Wikimedia-Import,,,https://en.wikipedia.org/w/index.php?title=Polyether_ether_ketone&oldid=1365230047,2026-08-30,Chembox-Feld 'MeltingPtC' (in Kelvin)
BEREITS_VORHANDEN,Wikipedia (en),Q145387,Polyetheretherketon,P231 (CAS-Nummer),31694-16-3,,external-id,,,,,,ohne Beleg (Identifikator),,,,,Chembox-Feld 'CASNo'
BEREITS_VORHANDEN,Wikipedia (de),Q145836,Polyethersulfon,P231 (CAS-Nummer),25608-63-3,,external-id,,,,,,ohne Beleg (Identifikator),,,,,Infobox-Feld 'CAS'
BEREITS_VORHANDEN,Wikipedia (de),Q145863,Polyethylenterephthalat,P231 (CAS-Nummer),25038-59-9,,external-id,,,,,,ohne Beleg (Identifikator),,,,,Infobox-Feld 'CAS'
BEREITS_VORHANDEN,Wikipedia (en),Q145863,Polyethylenterephthalat,P2101 (Schmelzpunkt),523.15,,quantity,Q11579,,,,,Wikimedia-Import,,,https://en.wikipedia.org/w/index.php?title=Polyethylene_terephthalate&oldid=1369643023,2026-08-30,Chembox-Feld 'MeltingPtC' (in Kelvin)
BEREITS_VORHANDEN,Wikipedia (en),Q145863,Polyethylenterephthalat,P2102 (Siedepunkt),623.15,,quantity,Q11579,,,,,Wikimedia-Import,,,https://en.wikipedia.org/w/index.php?title=Polyethylene_terephthalate&oldid=1369643023,2026-08-30,Chembox-Feld 'BoilingPtC' (in Kelvin)
BEREITS_VORHANDEN,Wikipedia (en),Q145897,Phenoplast,P231 (CAS-Nummer),9003-35-4,,external-id,,,,,,ohne Beleg (Identifikator),,,,,Chembox-Feld 'CASNo'
BEREITS_VORHANDEN,Wikipedia (de),Q146123,Polymethylmethacrylat,P231 (CAS-Nummer),9011-14-7,,external-id,,,,,,ohne Beleg (Identifikator),,,,,Infobox-Feld 'CAS'
BEREITS_VORHANDEN,Wikipedia (de),Q146218,Polyphenylensulfid,P231 (CAS-Nummer),25212-74-2,,external-id,,,,,,ohne Beleg (Identifikator),,,,,Infobox-Feld 'CAS'
VORSCHLAG,Wikipedia (de),Q146218,Polyphenylensulfid,P2101 (Schmelzpunkt),558.15,,quantity,Q11579,,,,,Wikimedia-Import,,,https://de.wikipedia.org/w/index.php?title=Polyphenylensulfid&oldid=262498911,2026-08-30,Infobox-Feld 'Schmelzpunkt' (in Kelvin)
BEREITS_VORHANDEN,Wikipedia (de),Q146339,Polyvinylalkohol,P231 (CAS-Nummer),9002-89-5,,external-id,,,,,,ohne Beleg (Identifikator),,,,,Infobox-Feld 'CAS'
VORSCHLAG,Wikipedia (en),Q146339,Polyvinylalkohol,P2101 (Schmelzpunkt),473.15,,quantity,Q11579,,,,,Wikimedia-Import,,,https://en.wikipedia.org/w/index.php?title=Polyvinyl_alcohol&oldid=1368887763,2026-08-30,Chembox-Feld 'MeltingPtC' (in Kelvin)
BEREITS_VORHANDEN,Wikipedia (en),Q146578,Bakelit,P2054 (Dichte),1.3,,quantity,Q13147228,,P2076=20U25267 (20 °C),,,ISBN-13,,978-1-4831-0263-4,,,"Chembox-Feld 'Density', Beleg aus Wikipedia (en): https://en.wikipedia.org/w/index.php?title=Bakelite&oldid=1366411461"
VORSCHLAG,Wikipedia (en),Q146578,Bakelit,P231 (CAS-Nummer),9003-35-4,,external-id,,,,,,ohne Beleg (Identifikator),,,,,Chembox-Feld 'CASNo'
VORSCHLAG,Wikipedia (de),Q409762,Polyacrylsäure,P2054 (Dichte),1.4,,quantity,Q13147228,,P2076=20U25267 (20 °C),,,ISBN-10,,3-8047-2115-X,,,"Infobox-Feld 'Dichte', Beleg aus Wikipedia (de): https://de.wikipedia.org/w/index.php?title=Polyacrylsäure&oldid=267349078"
BEREITS_VORHANDEN,Wikipedia (de),Q409762,Polyacrylsäure,P231 (CAS-Nummer),9003-01-4,,external-id,,,,,,ohne Beleg (Identifikator),,,,,Infobox-Feld 'CAS'
BEREITS_VORHANDEN,Wikipedia (en),Q737169,Natriumpolyacrylat,P2054 (Dichte),1.22,,quantity,Q13147228,,P2076=20U25267 (20 °C),,,Wikimedia-Import,,,https://en.wikipedia.org/w/index.php?title=Sodium_polyacrylate&oldid=1340417955,2026-08-30,Chembox-Feld 'Density'
BEREITS_VORHANDEN,Wikipedia (en),Q737169,Natriumpolyacrylat,P231 (CAS-Nummer),9003-04-7,,external-id,,,,,,ohne Beleg (Identifikator),,,,,Chembox-Feld 'CASNo'
VORSCHLAG,COD,Q2080808,Bisphenol-A-diglycidylether,P9824 (COD-ID),1550379,,external-id,,C21 H24 O4,,,cod-1550379,ohne Beleg (Identifikator),,,,,"COD 1550379; Chemical Science, 2019, T = 296 K"
MANUELLE_KLAERUNG_NOETIG (keine eindeutige Modifikation: Raumgruppe 14 nur in 6 von 12 COD-Eintraegen),COD,Q2080808,Bisphenol-A-diglycidylether,P690 (Raumgruppe),Q13365573,Raumgruppe 14,item,,C21 H24 O4,,,cod-1550379,DOI,10.1039/C8SC04277B,,https://doi.org/10.1039/C8SC04277B,,"COD 1550379; Chemical Science, 2019, T = 296 K"
MANUELLE_KLAERUNG_NOETIG (keine eindeutige Modifikation: Raumgruppe 14 nur in 6 von 12 COD-Eintraegen),COD,Q2080808,Bisphenol-A-diglycidylether,P589 (Punktgruppe),Q13364114,Monoklin-prismatisch,item,,C21 H24 O4,,,cod-1550379,DOI,10.1039/C8SC04277B,,https://doi.org/10.1039/C8SC04277B,,"COD 1550379; Chemical Science, 2019, T = 296 K"
MANUELLE_KLAERUNG_NOETIG (keine eindeutige Modifikation: Raumgruppe 14 nur in 6 von 12 COD-Eintraegen),COD,Q2080808,Bisphenol-A-diglycidylether,P556 (Kristallsystem),Q624543,monoklines Kristallsystem,item,,C21 H24 O4,,,cod-1550379,DOI,10.1039/C8SC04277B,,https://doi.org/10.1039/C8SC04277B,,"COD 1550379; Chemical Science, 2019, T = 296 K"
VORSCHLAG,Wikipedia (de),Q2080808,Bisphenol-A-diglycidylether,P2054 (Dichte),1.16,,quantity,Q13147228,,P2076=20U25267 (20 °C),,,Wikimedia-Import,,,https://de.wikipedia.org/w/index.php?title=Bisphenol-A-diglycidylether&oldid=264478332,2026-08-30,Infobox-Feld 'Dichte'
BEREITS_VORHANDEN,Wikipedia (de),Q2080808,Bisphenol-A-diglycidylether,P231 (CAS-Nummer),1675-54-3,,external-id,,,,,,ohne Beleg (Identifikator),,,,,Infobox-Feld 'CAS'
VORSCHLAG,Wikipedia (en),Q7226867,Polypropylencarbonat,P231 (CAS-Nummer),50862-75-4,,external-id,,,,,,ohne Beleg (Identifikator),,,,,Chembox-Feld 'CASNo'
BEREITS_VORHANDEN,Wikipedia (de),Q30765158,Styrol-Butadien-Styrol,P231 (CAS-Nummer),91261-65-3,,external-id,,,,,,ohne Beleg (Identifikator),,,,,Infobox-Feld 'CAS'
BEREITS_VORHANDEN,Wikipedia (de),Q66421202,Polyvinylcarbazol,P231 (CAS-Nummer),25067-59-8,,external-id,,,,,,ohne Beleg (Identifikator),,,,,Infobox-Feld 'CAS'
VORSCHLAG,COD,Q27291479,bisphenol F diglycidyl ether,P9824 (COD-ID),1552662,,external-id,,C19 H20 O4,,,cod-1552662,ohne Beleg (Identifikator),,,,,"COD 1552662; Journal of natural products, 2019, T = 170 K"
MANUELLE_KLAERUNG_NOETIG (keine eindeutige Modifikation: Raumgruppe 19 nur in 7 von 20 COD-Eintraegen),COD,Q27291479,bisphenol F diglycidyl ether,P690 (Raumgruppe),Q13371295,Raumgruppe 19,item,,C19 H20 O4,,,cod-1552662,DOI,10.1021/acs.jnatprod.9b00059,,https://doi.org/10.1021/acs.jnatprod.9b00059,,"COD 1552662; Journal of natural products, 2019, T = 170 K"
MANUELLE_KLAERUNG_NOETIG (keine eindeutige Modifikation: Raumgruppe 19 nur in 7 von 20 COD-Eintraegen),COD,Q27291479,bisphenol F diglycidyl ether,P589 (Punktgruppe),Q13364032,Orthorhombisch-disphenoidisch,item,,C19 H20 O4,,,cod-1552662,DOI,10.1021/acs.jnatprod.9b00059,,https://doi.org/10.1021/acs.jnatprod.9b00059,,"COD 1552662; Journal of natural products, 2019, T = 170 K"
MANUELLE_KLAERUNG_NOETIG (keine eindeutige Modifikation: Raumgruppe 19 nur in 7 von 20 COD-Eintraegen),COD,Q27291479,bisphenol F diglycidyl ether,P556 (Kristallsystem),Q648961,orthorhombisches Kristallsystem,item,,C19 H20 O4,,,cod-1552662,DOI,10.1021/acs.jnatprod.9b00059,,https://doi.org/10.1021/acs.jnatprod.9b00059,,"COD 1552662; Journal of natural products, 2019, T = 170 K"
VORSCHLAG,COD,Q72437097,p-tert-butylphenol-formaldehyde resin,P9824 (COD-ID),4127471,,external-id,,C11 H16 O2,,,cod-4127471,ohne Beleg (Identifikator),,,,,"COD 4127471; Journal of the American Chemical Society, 2019, T = 150 K"
MANUELLE_KLAERUNG_NOETIG (keine eindeutige Modifikation: Raumgruppe 4 nur in 5 von 14 COD-Eintraegen),COD,Q72437097,p-tert-butylphenol-formaldehyde resin,P690 (Raumgruppe),Q13365444,Raumgruppe 4,item,,C11 H16 O2,,,cod-4127471,DOI,10.1021/jacs.9b03679,,https://doi.org/10.1021/jacs.9b03679,,"COD 4127471; Journal of the American Chemical Society, 2019, T = 150 K"
MANUELLE_KLAERUNG_NOETIG (keine eindeutige Modifikation: Raumgruppe 4 nur in 5 von 14 COD-Eintraegen),COD,Q72437097,p-tert-butylphenol-formaldehyde resin,P589 (Punktgruppe),Q13364108,Monoklin-sphenoidisch,item,,C11 H16 O2,,,cod-4127471,DOI,10.1021/jacs.9b03679,,https://doi.org/10.1021/jacs.9b03679,,"COD 4127471; Journal of the American Chemical Society, 2019, T = 150 K"
MANUELLE_KLAERUNG_NOETIG (keine eindeutige Modifikation: Raumgruppe 4 nur in 5 von 14 COD-Eintraegen),COD,Q72437097,p-tert-butylphenol-formaldehyde resin,P556 (Kristallsystem),Q624543,monoklines Kristallsystem,item,,C11 H16 O2,,,cod-4127471,DOI,10.1021/jacs.9b03679,,https://doi.org/10.1021/jacs.9b03679,,"COD 4127471; Journal of the American Chemical Society, 2019, T = 150 K"
VORSCHLAG,Wikipedia (en),Q72437097,p-tert-butylphenol-formaldehyde resin,P2101 (Schmelzpunkt),353.15,,quantity,Q11579,,,,,Wikimedia-Import,,,https://en.wikipedia.org/w/index.php?title=Para_tertiary_butylphenol_formaldehyde_resin&oldid=1291864500,2026-08-30,Chembox-Feld 'MeltingPtC' (in Kelvin)
BEREITS_VORHANDEN,Wikipedia (en),Q72437097,p-tert-butylphenol-formaldehyde resin,P231 (CAS-Nummer),25085-50-1,,external-id,,,,,,ohne Beleg (Identifikator),,,,,Chembox-Feld 'CASNo'
